userId,name,age,country,sex
1,User1,29,Brazil,M
2,User2,46,Germany,M
3,User3,50,USA,M
4,User4,29,Brazil,M
5,User5,41,Mexico,F
6,User6,48,Australia,M
7,User7,40,Germany,F
8,User8,33,Japan,M
9,User9,65,Australia,M
10,User10,49,India,F
11,User11,44,Mexico,F
12,User12,46,Brazil,F
13,User13,21,Japan,M
14,User14,31,Mexico,F
15,User15,66,Australia,M
16,User16,18,USA,F
17,User17,51,France,F
18,User18,62,Brazil,F
19,User19,19,Mexico,F
20,User20,34,France,M
21,User21,46,Brazil,M
22,User22,49,Brazil,F
23,User23,32,Germany,F
24,User24,41,Canada,M
25,User25,33,France,F
26,User26,69,Mexico,M
27,User27,52,India,F
28,User28,18,France,F
29,User29,56,UK,F
30,User30,44,India,M
31,User31,33,UK,M
32,User32,24,Canada,M
33,User33,28,Canada,F
34,User34,21,Canada,F
35,User35,29,USA,F
36,User36,18,India,F
37,User37,36,USA,F
38,User38,64,Australia,F
39,User39,49,Germany,M
40,User40,31,Brazil,M
41,User41,36,Canada,F
42,User42,39,Mexico,F
43,User43,46,France,M
44,User44,24,USA,F
45,User45,19,India,F
46,User46,51,Mexico,F
47,User47,22,France,M
48,User48,53,India,M
49,User49,51,Brazil,F
50,User50,34,Canada,M
51,User51,41,France,F
52,User52,64,USA,M
53,User53,33,Germany,M
54,User54,18,Japan,M
55,User55,60,Japan,M
56,User56,52,UK,F
57,User57,24,Germany,M
58,User58,51,Mexico,M
59,User59,56,Australia,M
60,User60,62,Australia,M
61,User61,52,USA,M
62,User62,37,Brazil,F
63,User63,39,UK,F
64,User64,26,Canada,M
65,User65,47,USA,F
66,User66,42,Brazil,F
67,User67,42,Australia,F
68,User68,56,France,F
69,User69,56,UK,F
70,User70,37,Germany,F
71,User71,41,Brazil,M
72,User72,22,Australia,M
73,User73,57,Brazil,M
74,User74,43,Mexico,M
75,User75,47,USA,F
76,User76,57,France,M
77,User77,25,Mexico,M
78,User78,46,USA,M
79,User79,55,Mexico,M
80,User80,38,Japan,F
81,User81,51,UK,M
82,User82,47,France,F
83,User83,20,India,F
84,User84,25,UK,F
85,User85,30,Canada,M
86,User86,21,France,F
87,User87,28,Japan,M
88,User88,45,Brazil,M
89,User89,53,India,F
90,User90,42,India,F
91,User91,29,UK,F
92,User92,57,Mexico,F
93,User93,60,India,M
94,User94,24,Canada,M
95,User95,66,Mexico,M
96,User96,29,Japan,M
97,User97,50,Australia,M
98,User98,29,Canada,M
99,User99,63,Canada,M
100,User100,67,Germany,F
101,User101,55,UK,M
102,User102,27,Australia,M
103,User103,56,India,F
104,User104,24,Canada,F
105,User105,20,Canada,F
106,User106,32,Japan,F
107,User107,21,USA,M
108,User108,40,Japan,F
109,User109,57,UK,M
110,User110,24,Brazil,M
111,User111,44,UK,M
112,User112,68,Brazil,F
113,User113,65,Australia,F
114,User114,65,India,F
115,User115,40,Germany,F
116,User116,36,UK,F
117,User117,48,India,M
118,User118,63,Mexico,F
119,User119,56,Germany,F
120,User120,69,Japan,F
121,User121,19,France,M
122,User122,32,India,M
123,User123,59,Canada,F
124,User124,22,Mexico,M
125,User125,26,Germany,F
126,User126,31,UK,M
127,User127,69,Germany,F
128,User128,70,Mexico,M
129,User129,34,Australia,M
130,User130,22,Mexico,M
131,User131,65,Brazil,F
132,User132,51,Australia,F
133,User133,64,Australia,M
134,User134,23,Brazil,F
135,User135,44,USA,F
136,User136,56,UK,F
137,User137,20,India,F
138,User138,51,UK,F
139,User139,25,Japan,F
140,User140,64,UK,M
141,User141,42,UK,F
142,User142,39,Brazil,F
143,User143,27,Germany,M
144,User144,67,Australia,F
145,User145,24,India,F
146,User146,20,Brazil,M
147,User147,29,France,F
148,User148,51,Mexico,M
149,User149,58,Germany,M
150,User150,52,Germany,M
151,User151,26,Germany,M
152,User152,44,Japan,F
153,User153,67,France,F
154,User154,48,Japan,M
155,User155,45,USA,F
156,User156,47,France,M
157,User157,32,Germany,F
158,User158,67,Brazil,M
159,User159,33,Brazil,F
160,User160,51,India,M
161,User161,49,USA,F
162,User162,28,Brazil,M
163,User163,62,India,M
164,User164,19,France,F
165,User165,26,Mexico,M
166,User166,50,Germany,M
167,User167,68,Japan,F
168,User168,47,USA,F
169,User169,56,Brazil,M
170,User170,59,Brazil,F
171,User171,51,Mexico,F
172,User172,18,Brazil,M
173,User173,65,Australia,M
174,User174,18,USA,M
175,User175,65,USA,M
176,User176,32,Australia,M
177,User177,64,Mexico,M
178,User178,45,France,M
179,User179,34,USA,M
180,User180,41,Mexico,M
181,User181,60,Canada,F
182,User182,50,UK,M
183,User183,32,Japan,M
184,User184,26,Australia,F
185,User185,21,Germany,M
186,User186,51,USA,F
187,User187,23,France,M
188,User188,52,India,M
189,User189,45,Canada,M
190,User190,53,Mexico,F
191,User191,46,UK,F
192,User192,42,Brazil,M
193,User193,48,Canada,M
194,User194,44,Japan,F
195,User195,36,Brazil,F
196,User196,33,Australia,M
197,User197,18,Canada,M
198,User198,27,USA,M
199,User199,51,Germany,M
200,User200,43,Brazil,F
201,User201,55,India,F
202,User202,23,India,F
203,User203,24,Germany,M
204,User204,22,India,M
205,User205,49,India,M
206,User206,57,Japan,M
207,User207,54,Germany,M
208,User208,18,Canada,F
209,User209,50,India,F
210,User210,23,Brazil,F
211,User211,21,Japan,F
212,User212,39,France,M
213,User213,31,Japan,M
214,User214,52,UK,F
215,User215,40,Canada,M
216,User216,69,Canada,F
217,User217,68,UK,F
218,User218,60,Germany,M
219,User219,60,France,M
220,User220,59,India,M
221,User221,29,USA,F
222,User222,70,Canada,F
223,User223,62,Canada,M
224,User224,69,France,M
225,User225,45,USA,F
226,User226,44,USA,M
227,User227,31,Germany,F
228,User228,57,USA,F
229,User229,32,Mexico,F
230,User230,50,USA,F
231,User231,28,UK,F
232,User232,23,Australia,F
233,User233,26,India,F
234,User234,31,Germany,F
235,User235,44,Brazil,M
236,User236,68,USA,F
237,User237,67,Germany,M
238,User238,36,Canada,F
239,User239,47,UK,M
240,User240,45,France,M
241,User241,48,UK,F
242,User242,30,Australia,F
243,User243,29,USA,M
244,User244,30,India,F
245,User245,43,UK,M
246,User246,54,UK,M
247,User247,21,Australia,F
248,User248,40,India,M
249,User249,20,France,F
250,User250,19,Brazil,F
251,User251,51,Mexico,M
252,User252,43,USA,M
253,User253,19,India,M
254,User254,65,Germany,F
255,User255,59,Brazil,M
256,User256,23,France,M
257,User257,39,Brazil,F
258,User258,28,Canada,M
259,User259,42,Mexico,M
260,User260,66,Japan,F
261,User261,38,USA,F
262,User262,48,India,F
263,User263,36,India,M
264,User264,66,Canada,M
265,User265,36,India,M
266,User266,20,France,M
267,User267,54,Australia,F
268,User268,31,Mexico,M
269,User269,20,USA,M
270,User270,31,Mexico,M
271,User271,57,India,M
272,User272,52,Brazil,M
273,User273,32,India,M
274,User274,46,Japan,M
275,User275,54,Mexico,F
276,User276,55,Canada,M
277,User277,60,Germany,M
278,User278,48,Australia,M
279,User279,26,Germany,F
280,User280,61,Japan,M
281,User281,59,Brazil,M
282,User282,22,Brazil,F
283,User283,41,Mexico,M
284,User284,24,Japan,F
285,User285,26,Japan,F
286,User286,19,Germany,M
287,User287,38,UK,F
288,User288,70,France,F
289,User289,31,Brazil,M
290,User290,30,Mexico,M
291,User291,36,India,M
292,User292,69,USA,F
293,User293,54,France,F
294,User294,49,Germany,M
295,User295,70,Canada,M
296,User296,51,Australia,M
297,User297,69,Australia,M
298,User298,26,USA,F
299,User299,25,UK,F
300,User300,37,UK,M
301,User301,36,Germany,M
302,User302,48,France,M
303,User303,59,Canada,M
304,User304,58,Mexico,M
305,User305,61,Germany,F
306,User306,70,India,M
307,User307,34,Australia,F
308,User308,47,Germany,M
309,User309,23,Japan,M
310,User310,64,Japan,M
311,User311,29,Germany,M
312,User312,32,USA,F
313,User313,58,France,F
314,User314,55,USA,F
315,User315,35,Brazil,F
316,User316,34,Brazil,F
317,User317,39,USA,M
318,User318,66,Canada,F
319,User319,32,Brazil,M
320,User320,35,UK,M
321,User321,65,Brazil,M
322,User322,36,UK,M
323,User323,68,USA,F
324,User324,23,UK,F
325,User325,50,Mexico,M
326,User326,42,France,M
327,User327,70,Brazil,M
328,User328,32,Germany,F
329,User329,59,Canada,F
330,User330,69,Canada,F
331,User331,24,Japan,F
332,User332,47,Australia,F
333,User333,65,France,F
334,User334,69,UK,F
335,User335,33,USA,F
336,User336,32,Mexico,F
337,User337,67,Canada,M
338,User338,22,India,M
339,User339,46,Germany,F
340,User340,21,Canada,F
341,User341,22,Brazil,F
342,User342,41,USA,M
343,User343,54,Canada,M
344,User344,69,Mexico,F
345,User345,28,USA,F
346,User346,62,Japan,F
347,User347,44,UK,F
348,User348,61,Mexico,F
349,User349,53,Brazil,M
350,User350,43,Canada,F
351,User351,61,Australia,F
352,User352,61,Germany,F
353,User353,26,India,M
354,User354,25,Mexico,F
355,User355,32,UK,F
356,User356,66,India,F
357,User357,53,UK,M
358,User358,47,India,F
359,User359,37,Japan,M
360,User360,58,UK,M
361,User361,57,India,M
362,User362,20,Australia,F
363,User363,20,Australia,F
364,User364,55,Australia,M
365,User365,53,USA,M
366,User366,47,UK,F
367,User367,22,India,M
368,User368,34,Japan,F
369,User369,29,Japan,M
370,User370,33,Canada,M
371,User371,26,Australia,M
372,User372,58,France,M
373,User373,57,Germany,M
374,User374,53,Australia,F
375,User375,28,Japan,F
376,User376,51,Brazil,F
377,User377,28,Brazil,F
378,User378,41,Germany,F
379,User379,66,France,F
380,User380,70,Mexico,F
381,User381,55,Australia,F
382,User382,30,Australia,M
383,User383,47,Mexico,M
384,User384,70,Germany,F
385,User385,50,UK,M
386,User386,63,Canada,M
387,User387,57,France,F
388,User388,65,USA,M
389,User389,23,Mexico,M
390,User390,39,Germany,F
391,User391,42,Brazil,M
392,User392,48,Germany,M
393,User393,59,Mexico,M
394,User394,57,USA,F
395,User395,37,India,F
396,User396,46,Japan,F
397,User397,67,Japan,M
398,User398,63,Mexico,F
399,User399,41,India,F
400,User400,70,USA,M
401,User401,19,USA,F
402,User402,26,Australia,M
403,User403,36,Japan,M
404,User404,23,USA,M
405,User405,61,Mexico,M
406,User406,53,Germany,F
407,User407,64,India,F
408,User408,48,Canada,F
409,User409,56,France,F
410,User410,58,Canada,M
411,User411,37,Canada,F
412,User412,49,USA,M
413,User413,56,Canada,M
414,User414,67,USA,F
415,User415,63,Japan,M
416,User416,34,Canada,M
417,User417,54,Canada,M
418,User418,65,Brazil,M
419,User419,60,Australia,F
420,User420,47,Canada,F
421,User421,43,Australia,F
422,User422,36,Brazil,F
423,User423,58,Australia,F
424,User424,47,Germany,F
425,User425,38,Canada,M
426,User426,35,Mexico,M
427,User427,26,Germany,M
428,User428,42,Brazil,F
429,User429,48,USA,F
430,User430,18,USA,M
431,User431,60,UK,F
432,User432,61,Canada,F
433,User433,52,USA,F
434,User434,25,France,M
435,User435,37,India,M
436,User436,46,USA,F
437,User437,30,Australia,M
438,User438,35,USA,F
439,User439,53,France,M
440,User440,46,USA,M
441,User441,63,USA,M
442,User442,70,UK,F
443,User443,28,India,M
444,User444,43,Germany,M
445,User445,31,UK,M
446,User446,48,France,M
447,User447,29,Brazil,F
448,User448,53,France,F
449,User449,21,Japan,M
450,User450,20,France,F
451,User451,58,USA,F
452,User452,70,USA,M
453,User453,26,Germany,F
454,User454,26,Mexico,M
455,User455,43,Germany,M
456,User456,66,Germany,M
457,User457,31,Australia,F
458,User458,65,Australia,F
459,User459,61,UK,F
460,User460,42,UK,M
461,User461,52,Brazil,F
462,User462,42,UK,F
463,User463,38,Mexico,F
464,User464,60,India,M
465,User465,18,Canada,M
466,User466,34,Brazil,M
467,User467,62,Mexico,M
468,User468,21,Germany,F
469,User469,31,France,M
470,User470,58,Germany,M
471,User471,25,Brazil,M
472,User472,59,France,F
473,User473,26,India,M
474,User474,69,Brazil,F
475,User475,18,Japan,M
476,User476,38,USA,M
477,User477,36,UK,F
478,User478,28,USA,F
479,User479,63,Japan,M
480,User480,35,Australia,M
481,User481,67,Japan,F
482,User482,64,Germany,F
483,User483,46,Germany,M
484,User484,54,Australia,F
485,User485,66,Germany,M
486,User486,29,Mexico,F
487,User487,28,Japan,M
488,User488,44,France,F
489,User489,22,UK,F
490,User490,30,Canada,F
491,User491,30,Japan,F
492,User492,28,Mexico,M
493,User493,69,Germany,M
494,User494,56,USA,M
495,User495,43,France,M
496,User496,32,Australia,F
497,User497,50,USA,M
498,User498,18,Canada,M
499,User499,46,Japan,M
500,User500,63,Canada,M
501,User501,66,Germany,M
502,User502,53,USA,M
503,User503,64,Mexico,F
504,User504,70,UK,F
505,User505,26,Australia,F
506,User506,26,USA,F
507,User507,63,UK,F
508,User508,56,Australia,M
509,User509,30,UK,F
510,User510,23,Mexico,F
511,User511,38,Japan,M
512,User512,56,Brazil,F
513,User513,67,Australia,M
514,User514,67,Australia,M
515,User515,36,UK,M
516,User516,34,Australia,M
517,User517,40,Mexico,F
518,User518,33,Japan,M
519,User519,31,Canada,F
520,User520,21,France,M
521,User521,69,Australia,M
522,User522,52,Japan,F
523,User523,23,Brazil,M
524,User524,46,UK,M
525,User525,26,Germany,F
526,User526,45,India,M
527,User527,18,UK,F
528,User528,58,UK,F
529,User529,40,Canada,F
530,User530,58,Canada,F
531,User531,35,USA,M
532,User532,63,Canada,M
533,User533,22,Australia,M
534,User534,34,Mexico,M
535,User535,44,Australia,F
536,User536,41,Brazil,M
537,User537,25,Australia,M
538,User538,40,USA,M
539,User539,62,Germany,F
540,User540,22,Australia,F
541,User541,57,Germany,M
542,User542,21,France,F
543,User543,58,Mexico,F
544,User544,49,USA,M
545,User545,30,Brazil,M
546,User546,32,UK,F
547,User547,68,Germany,F
548,User548,66,Canada,M
549,User549,68,USA,F
550,User550,25,Mexico,M
551,User551,35,UK,F
552,User552,21,Germany,M
553,User553,39,Brazil,F
554,User554,33,Germany,F
555,User555,24,Japan,M
556,User556,30,Japan,M
557,User557,66,Australia,F
558,User558,70,Australia,M
559,User559,35,Brazil,F
560,User560,43,Brazil,M
561,User561,67,Brazil,F
562,User562,48,Canada,F
563,User563,27,France,M
564,User564,70,UK,M
565,User565,18,Germany,M
566,User566,39,Brazil,F
567,User567,44,France,M
568,User568,63,Germany,M
569,User569,30,Canada,M
570,User570,57,Canada,M
571,User571,39,France,F
572,User572,21,France,M
573,User573,43,Brazil,M
574,User574,30,Germany,F
575,User575,57,UK,F
576,User576,47,USA,F
577,User577,30,Germany,M
578,User578,64,Mexico,F
579,User579,61,Canada,M
580,User580,18,Brazil,M
581,User581,66,India,F
582,User582,53,Germany,M
583,User583,63,France,M
584,User584,61,India,M
585,User585,18,Australia,F
586,User586,24,India,M
587,User587,47,India,M
588,User588,52,USA,F
589,User589,46,Germany,M
590,User590,33,Brazil,M
591,User591,58,Brazil,M
592,User592,64,Australia,M
593,User593,30,Australia,M
594,User594,61,India,F
595,User595,24,Germany,F
596,User596,56,Mexico,F
597,User597,49,Germany,M
598,User598,63,Canada,F
599,User599,68,Brazil,M
600,User600,19,India,F
601,User601,55,Brazil,M
602,User602,59,Brazil,F
603,User603,57,India,F
604,User604,48,Japan,F
605,User605,23,Brazil,M
606,User606,37,Japan,M
607,User607,34,Mexico,M
608,User608,57,Australia,M
609,User609,50,Australia,M
610,User610,43,Mexico,F
611,User611,24,Mexico,F
612,User612,40,Mexico,F
613,User613,63,Japan,M
614,User614,58,Japan,F
615,User615,30,USA,F
616,User616,30,Canada,M
617,User617,28,Germany,M
618,User618,47,Mexico,M
619,User619,28,India,F
620,User620,57,Mexico,M
621,User621,23,USA,M
622,User622,46,Brazil,M
623,User623,39,UK,F
624,User624,55,Brazil,F
625,User625,44,Japan,F
626,User626,29,Germany,M
627,User627,43,Canada,F
628,User628,52,France,F
629,User629,27,Germany,M
630,User630,65,Canada,F
631,User631,58,France,M
632,User632,65,Brazil,M
633,User633,26,India,M
634,User634,47,Mexico,F
635,User635,53,Mexico,M
636,User636,21,Canada,F
637,User637,70,Mexico,M
638,User638,46,Japan,F
639,User639,54,Mexico,F
640,User640,52,Brazil,F
641,User641,23,Australia,F
642,User642,45,Japan,M
643,User643,29,Germany,M
644,User644,32,Canada,F
645,User645,49,USA,F
646,User646,34,India,F
647,User647,62,UK,M
648,User648,52,Germany,M
649,User649,60,France,F
650,User650,51,UK,M
651,User651,25,Brazil,M
652,User652,63,India,F
653,User653,20,France,M
654,User654,44,UK,M
655,User655,70,UK,M
656,User656,66,Brazil,F
657,User657,34,Germany,M
658,User658,26,Japan,M
659,User659,44,France,F
660,User660,42,Australia,M
661,User661,21,Japan,F
662,User662,35,Brazil,M
663,User663,36,Germany,F
664,User664,34,Australia,M
665,User665,34,France,M
666,User666,47,UK,F
667,User667,60,France,F
668,User668,33,Canada,M
669,User669,28,Japan,F
670,User670,28,India,M
671,User671,39,Japan,M
